<?xml version="1.0" encoding="UTF-8"?>
<dao xmlns="http://jelix.org/ns/dao/1.0">
    <datasources>
        <primarytable name="cache" realname="jlx_cache" primarykey="cache_key" />
    </datasources>
    <record>
    <property name="key" fieldname="cache_key" datatype="string" required="true" maxlength="255"/>
    <property name="data" fieldname="cache_data" datatype="varbinary"/>
    <property name="date" fieldname="cache_date" datatype="datetime"/>
    </record>
    <factory>
        <method name="getData" type="selectfirst">
            <parameter name="key" />
            <conditions>
                <eq property="key" expr="$key" />
            </conditions>
        </method>

        <method name="getDataList" type="select">
            <parameter name="keys" />
            <conditions>
                <in property="key" expr="$keys" />
            </conditions>
        </method>

        <method name="updateFullData" type="update">
            <parameter name="key" />
            <parameter name="data" />
            <parameter name="date" />
            <values>
                <value property="data" expr="$data" />
                <value property="date" expr="$date" />
            </values>
            <conditions>
                <eq property="key" expr="$key"/>
            </conditions>
        </method>
        <method name="updateData" type="update">
            <parameter name="key" />
            <parameter name="data" />
            <values>
                <value property="data" expr="$data" />
            </values>
            <conditions>
                <eq property="key" expr="$key"/>
            </conditions>
        </method>
        <method name="garbage" type="delete">
            <conditions>
                <lt property="date" expr="NOW()" />
            </conditions>
        </method>
        <method name="flush" type="delete">
        </method>
    </factory>
</dao>
